CREATE DATABASE  IF NOT EXISTS `uf2177_3` /*!40100 DEFAULT CHARACTER SET utf8mb4 */;
USE `uf2177_3`;
-- MySQL dump 10.13  Distrib 8.0.21, for Linux (x86_64)
--
-- Host: 127.0.0.1    Database: uf2177_3
-- ------------------------------------------------------
-- Server version	5.7.31-0ubuntu0.18.04.1

/*!40101 SET @OLD_CHARACTER_SET_CLIENT=@@CHARACTER_SET_CLIENT */;
/*!40101 SET @OLD_CHARACTER_SET_RESULTS=@@CHARACTER_SET_RESULTS */;
/*!40101 SET @OLD_COLLATION_CONNECTION=@@COLLATION_CONNECTION */;
/*!50503 SET NAMES utf8 */;
/*!40103 SET @OLD_TIME_ZONE=@@TIME_ZONE */;
/*!40103 SET TIME_ZONE='+00:00' */;
/*!40014 SET @OLD_UNIQUE_CHECKS=@@UNIQUE_CHECKS, UNIQUE_CHECKS=0 */;
/*!40014 SET @OLD_FOREIGN_KEY_CHECKS=@@FOREIGN_KEY_CHECKS, FOREIGN_KEY_CHECKS=0 */;
/*!40101 SET @OLD_SQL_MODE=@@SQL_MODE, SQL_MODE='NO_AUTO_VALUE_ON_ZERO' */;
/*!40111 SET @OLD_SQL_NOTES=@@SQL_NOTES, SQL_NOTES=0 */;

--
-- Table structure for table `autores`
--

DROP TABLE IF EXISTS `autores`;
/*!40101 SET @saved_cs_client     = @@character_set_client */;
/*!50503 SET character_set_client = utf8mb4 */;
CREATE TABLE `autores` (
  `id` int(11) NOT NULL AUTO_INCREMENT,
  `nombre` varchar(45) NOT NULL,
  `apellidos` varchar(100) DEFAULT NULL,
  PRIMARY KEY (`id`)
) ENGINE=InnoDB AUTO_INCREMENT=4 DEFAULT CHARSET=utf8mb4;
/*!40101 SET character_set_client = @saved_cs_client */;

--
-- Dumping data for table `autores`
--

LOCK TABLES `autores` WRITE;
/*!40000 ALTER TABLE `autores` DISABLE KEYS */;
INSERT INTO `autores` VALUES (1,'Javier','Lete'),(2,'Pepe','Pérez'),(3,'Juan','González');
/*!40000 ALTER TABLE `autores` ENABLE KEYS */;
UNLOCK TABLES;

--
-- Table structure for table `libros`
--

DROP TABLE IF EXISTS `libros`;
/*!40101 SET @saved_cs_client     = @@character_set_client */;
/*!50503 SET character_set_client = utf8mb4 */;
CREATE TABLE `libros` (
  `id` int(11) NOT NULL AUTO_INCREMENT,
  `nombre` varchar(45) NOT NULL,
  `autores_id` int(11) NOT NULL,
  PRIMARY KEY (`id`),
  KEY `fk_libros_autores1_idx` (`autores_id`),
  CONSTRAINT `fk_libros_autores1` FOREIGN KEY (`autores_id`) REFERENCES `autores` (`id`) ON DELETE NO ACTION ON UPDATE NO ACTION
) ENGINE=InnoDB AUTO_INCREMENT=6 DEFAULT CHARSET=utf8mb4;
/*!40101 SET character_set_client = @saved_cs_client */;

--
-- Dumping data for table `libros`
--

LOCK TABLES `libros` WRITE;
/*!40000 ALTER TABLE `libros` DISABLE KEYS */;
INSERT INTO `libros` VALUES (1,'Cómo programar Java y no hacer chapuzas',1),(2,'Cómo programar con .NET y no hacer chapuzas',1),(3,'Beber y pasarlo bien',2),(4,'Los mejores lugares',3),(5,'Los mejores paisajes',3);
/*!40000 ALTER TABLE `libros` ENABLE KEYS */;
UNLOCK TABLES;

--
-- Table structure for table `resenas`
--

DROP TABLE IF EXISTS `resenas`;
/*!40101 SET @saved_cs_client     = @@character_set_client */;
/*!50503 SET character_set_client = utf8mb4 */;
CREATE TABLE `resenas` (
  `id` int(11) NOT NULL AUTO_INCREMENT,
  `texto` text NOT NULL,
  `libros_id` int(11) NOT NULL,
  PRIMARY KEY (`id`),
  KEY `fk_resenas_libros_idx` (`libros_id`),
  CONSTRAINT `fk_resenas_libros` FOREIGN KEY (`libros_id`) REFERENCES `libros` (`id`) ON DELETE NO ACTION ON UPDATE NO ACTION
) ENGINE=InnoDB AUTO_INCREMENT=12 DEFAULT CHARSET=utf8mb4;
/*!40101 SET character_set_client = @saved_cs_client */;

--
-- Dumping data for table `resenas`
--

LOCK TABLES `resenas` WRITE;
/*!40000 ALTER TABLE `resenas` DISABLE KEYS */;
INSERT INTO `resenas` VALUES (6,'Es una mierda',1),(7,'No me gusta el título',1),(8,'¿Dónde se coge el 74?',1),(9,'No estoy de acuerdo con lo que dice el libro',2),(10,'Ese libro me ha ayudado a tener una vida mejor',2),(11,'Mi marido ha dejado de roncar',3);
/*!40000 ALTER TABLE `resenas` ENABLE KEYS */;
UNLOCK TABLES;

--
-- Dumping events for database 'uf2177_3'
--

--
-- Dumping routines for database 'uf2177_3'
--
/*!40103 SET TIME_ZONE=@OLD_TIME_ZONE */;

/*!40101 SET SQL_MODE=@OLD_SQL_MODE */;
/*!40014 SET FOREIGN_KEY_CHECKS=@OLD_FOREIGN_KEY_CHECKS */;
/*!40014 SET UNIQUE_CHECKS=@OLD_UNIQUE_CHECKS */;
/*!40101 SET CHARACTER_SET_CLIENT=@OLD_CHARACTER_SET_CLIENT */;
/*!40101 SET CHARACTER_SET_RESULTS=@OLD_CHARACTER_SET_RESULTS */;
/*!40101 SET COLLATION_CONNECTION=@OLD_COLLATION_CONNECTION */;
/*!40111 SET SQL_NOTES=@OLD_SQL_NOTES */;

-- Dump completed on 2020-10-07  8:55:44
